"acc","librarysource"
"SRR10044872","TRANSCRIPTOMIC"
"SRR21148508","GENOMIC"
"SRR12709147","GENOMIC"
"SRR12709872","GENOMIC"
"SRR15442433","METAGENOMIC"
"SRR16368188","GENOMIC"
"SRR8130967","GENOMIC"
"SRR15442760","METAGENOMIC"
"SRR27078749","METAGENOMIC"
"SRR6334713","GENOMIC"
"SRR22213301","GENOMIC"
"DRR048689","GENOMIC"
"SRR18243975","TRANSCRIPTOMIC"
"SRR25256618","GENOMIC"
"SRR12709317","GENOMIC"
"SRR9961907","TRANSCRIPTOMIC"
"SRR27078527","METAGENOMIC"
"SRR25288621","VIRAL RNA"
"SRR25256617","GENOMIC"
"SRR6847265","METAGENOMIC"
"DRR165199","TRANSCRIPTOMIC"
"SRR12709329","GENOMIC"
"SRR4003780","GENOMIC"
"SRR21631225","GENOMIC"
"DRR197424","GENOMIC"
"SRR6847315","METAGENOMIC"
"SRR15442956","METAGENOMIC"
"SRR12709431","GENOMIC"
"SRR12709713","GENOMIC"
"SRR18243950","GENOMIC"
"SRR3615019","OTHER"
"DRR125327","GENOMIC"
"SRR15442420","METAGENOMIC"
"SRR7471710","TRANSCRIPTOMIC"
"SRR11638020","TRANSCRIPTOMIC"
"SRR12709386","GENOMIC"
"DRR322178","GENOMIC"
"SRR13289412","GENOMIC"
"SRR19350947","TRANSCRIPTOMIC"
"SRR4003694","GENOMIC"
"SRR22682020","TRANSCRIPTOMIC"
"SRR27078832","METAGENOMIC"
"SRR17518780","TRANSCRIPTOMIC"
"SRR9112987","GENOMIC"
"SRR15442921","METAGENOMIC"
"SRR15442930","METAGENOMIC"
"SRR17518784","TRANSCRIPTOMIC"
"SRR22765714","GENOMIC"
"SRR7911752","TRANSCRIPTOMIC"
"SRR12709809","GENOMIC"
"SRR12709172","GENOMIC"
"SRR18086814","GENOMIC"
"SRR12709487","GENOMIC"
"SRR27078827","METAGENOMIC"
"DRR125381","GENOMIC"
"SRR15442646","METAGENOMIC"
"SRR13289407","GENOMIC"
"SRR27078809","METAGENOMIC"
"SRR15442459","METAGENOMIC"
"SRR7408270","GENOMIC"
"SRR21631240","GENOMIC"
"SRR25256573","GENOMIC"
"SRR15442204","METAGENOMIC"
"DRR168284","METAGENOMIC"
"SRR15672517","GENOMIC"
"SRR13434050","TRANSCRIPTOMIC"
"SRR22765734","GENOMIC"
"SRR12225167","GENOMIC"
"SRR25663069","GENOMIC"
"SRR4003745","GENOMIC"
"SRR19350898","TRANSCRIPTOMIC"
"SRR15442642","METAGENOMIC"
"SRR12710020","GENOMIC"
"SRR12710132","GENOMIC"
"SRR8130961","GENOMIC"
"SRR13771796","TRANSCRIPTOMIC"
"SRR12710085","GENOMIC"
"SRR22765711","GENOMIC"
"SRR21231055","TRANSCRIPTOMIC"
"SRR14712233","GENOMIC"
"SRR25288481","VIRAL RNA"
"SRR18483663","GENOMIC"
"SRR25288803","VIRAL RNA"
"SRR25288620","VIRAL RNA"
"SRR15442531","METAGENOMIC"
"SRR22672226","TRANSCRIPTOMIC SINGLE CELL"
"SRR9112963","GENOMIC"
"ERR12148405","GENOMIC SINGLE CELL"
"SRR9858401","TRANSCRIPTOMIC"
"SRR12709719","GENOMIC"
"SRR4003623","GENOMIC"
"SRR25663978","GENOMIC"
"SRR12710053","GENOMIC"
"SRR25288642","VIRAL RNA"
"SRR22983511","GENOMIC"
"SRR5447172","VIRAL RNA"
"SRR1611126","GENOMIC"
"SRR27078611","METAGENOMIC"
"DRR197468","GENOMIC"
"SRR15442529","METAGENOMIC"
"SRR12709876","GENOMIC"
"SRR15672527","GENOMIC"
"SRR27078796","METAGENOMIC"
"SRR21148531","GENOMIC"
"SRR19174522","GENOMIC"
"SRR6847272","METAGENOMIC"
"SRR10702847","TRANSCRIPTOMIC"
"SRR3862281","GENOMIC"
"DRR125348","GENOMIC"
"SRR22526603","TRANSCRIPTOMIC"
"SRR18012445","TRANSCRIPTOMIC"
"SRR25288775","VIRAL RNA"
"SRR25663465","GENOMIC"
"SRR9640640","METAGENOMIC"
"SRR12709402","GENOMIC"
"SRR4003665","GENOMIC"
"SRR4003605","GENOMIC"
"SRR1609145","GENOMIC"
"SRR27078645","METAGENOMIC"
"SRR25288767","VIRAL RNA"
"SRR22765715","GENOMIC"
"SRR1647444","METAGENOMIC"
"SRR12710136","GENOMIC"
"ERR12247145","GENOMIC SINGLE CELL"
"SRR4003725","GENOMIC"
"SRR4003761","GENOMIC"
"SRR15442201","METAGENOMIC"
"SRR15442810","METAGENOMIC"
"ERR2867995","METAGENOMIC"
"SRR4003685","GENOMIC"
"SRR27078612","METAGENOMIC"
"SRR15442538","METAGENOMIC"
"SRR13289368","GENOMIC"
"SRR10748978","TRANSCRIPTOMIC"
"SRR15442339","METAGENOMIC"
"SRR18243947","TRANSCRIPTOMIC"
"DRR125383","GENOMIC"
"SRR13233732","GENOMIC"
"SRR12709918","GENOMIC"
"SRR13790187","TRANSCRIPTOMIC"
"SRR5836461","GENOMIC"
"SRR9033999","TRANSCRIPTOMIC"
"SRR13234992","GENOMIC"
"SRR12709342","GENOMIC"
"SRR19350934","TRANSCRIPTOMIC"
"SRR9858390","TRANSCRIPTOMIC"
"SRR3270262","GENOMIC"
"SRR13233669","GENOMIC"
"SRR12709462","GENOMIC"
"SRR4003747","GENOMIC"
"SRR9112955","GENOMIC"
"SRR12709108","GENOMIC"
"DRR125346","GENOMIC"
"SRR3615046","OTHER"
"SRR27078583","METAGENOMIC"
"SRR15442660","METAGENOMIC"
"SRR15442225","METAGENOMIC"
"SRR5760667","GENOMIC"
"SRR14103066","GENOMIC"
"SRR12709416","GENOMIC"
"SRR4003738","GENOMIC"
"SRR10947935","GENOMIC SINGLE CELL"
"SRR22764383","TRANSCRIPTOMIC"
"SRR12709793","GENOMIC"
"SRR1752670","TRANSCRIPTOMIC"
"SRR12709148","GENOMIC"
"SRR13925043","GENOMIC"
"SRR12709249","GENOMIC"
"SRR25288751","VIRAL RNA"
"SRR25256591","GENOMIC"
"SRR22765726","GENOMIC"
"SRR15442305","METAGENOMIC"
"SRR9112988","GENOMIC"
"SRR18086812","GENOMIC"
"SRR12709747","GENOMIC"
"SRR12820632","GENOMIC"
"SRR11185319","GENOMIC"
"SRR10768863","TRANSCRIPTOMIC"
"SRR15672512","GENOMIC"
"SRR12709400","GENOMIC"
"SRR12709440","GENOMIC"
"SRR25288536","VIRAL RNA"
"SRR11401928","GENOMIC"
"SRR12207392","TRANSCRIPTOMIC"
"SRR25288692","VIRAL RNA"
"SRR15442818","METAGENOMIC"
"SRR25663977","GENOMIC"
"SRR13434052","TRANSCRIPTOMIC"
"SRR13434142","TRANSCRIPTOMIC"
"SRR9897644","GENOMIC"
"SRR18286255","TRANSCRIPTOMIC"
"SRR25665165","GENOMIC"
"SRR2320756","GENOMIC"
"SRR16955421","GENOMIC"
"SRR25288681","VIRAL RNA"
"SRR15442945","METAGENOMIC"
"SRR23942267","TRANSCRIPTOMIC"
"SRR25288643","VIRAL RNA"
"SRR25288729","VIRAL RNA"
"SRR17518782","TRANSCRIPTOMIC"
"SRR16368208","GENOMIC"
"SRR12709877","GENOMIC"
"SRR9884529","GENOMIC"
"SRR10043613","TRANSCRIPTOMIC"
"SRR4427063","GENOMIC"
"SRR13434126","TRANSCRIPTOMIC"
"SRR12709232","GENOMIC"
"SRR25288742","VIRAL RNA"
"SRR3862122","GENOMIC"
"SRR12709408","GENOMIC"
"DRR022544","GENOMIC"
"SRR6058074","TRANSCRIPTOMIC"
"SRR27078828","METAGENOMIC"
"SRR7621211","GENOMIC"
"SRR5970366","GENOMIC"
"SRR12709352","GENOMIC"
"SRR27078595","METAGENOMIC"
"SRR25288600","VIRAL RNA"
"SRR10433488","TRANSCRIPTOMIC"
"SRR25288618","VIRAL RNA"
"SRR25288570","VIRAL RNA"
"SRR17140478","METAGENOMIC"
"SRR15442796","METAGENOMIC"
"SRR15672520","GENOMIC"
"SRR10969795","TRANSCRIPTOMIC"
"SRR1647217","METAGENOMIC"
"SRR12709434","GENOMIC"
"SRR14340909","TRANSCRIPTOMIC"
"SRR12710087","GENOMIC"
"SRR12710134","GENOMIC"
"SRR25664249","GENOMIC"
"SRR25256604","GENOMIC"
"DRR336006","TRANSCRIPTOMIC"
"SRR1611040","GENOMIC"
"SRR12710064","GENOMIC"
"SRR8130965","GENOMIC"
"SRR2063934","VIRAL RNA"
"SRR15442447","METAGENOMIC"
"SRR850198","GENOMIC"
"SRR27078528","METAGENOMIC"
"SRR15442816","METAGENOMIC"
"SRR22859020","TRANSCRIPTOMIC SINGLE CELL"
"SRR27078785","METAGENOMIC"
"SRR18936020","TRANSCRIPTOMIC"
"SRR13235463","GENOMIC"
"DRR125330","GENOMIC"
"SRR15442356","METAGENOMIC"
"SRR4003717","GENOMIC"
"SRR12709221","GENOMIC"
"SRR14608985","TRANSCRIPTOMIC"
"SRR12709432","GENOMIC"
"SRR15442934","METAGENOMIC"
"SRR10044889","TRANSCRIPTOMIC"
"SRR19174523","GENOMIC"
"SRR16368196","GENOMIC"
"SRR15442452","METAGENOMIC"
"SRR22979159","GENOMIC"
"SRR22765730","GENOMIC"
"SRR15346297","TRANSCRIPTOMIC"
"SRR10044881","TRANSCRIPTOMIC"
"SRR27078499","METAGENOMIC"
"SRR6847364","METAGENOMIC"
"SRR27078557","METAGENOMIC"
"SRR25288839","VIRAL RNA"
"SRR12710057","GENOMIC"
"SRR3615021","OTHER"
"SRR3615023","OTHER"
"DRR125365","GENOMIC"
"DRR197434","GENOMIC"
"SRR17140452","METAGENOMIC"
"SRR25288805","VIRAL RNA"
"SRR25256535","GENOMIC"
"SRR12709101","GENOMIC"
"SRR17839245","TRANSCRIPTOMIC"
"SRR15442428","METAGENOMIC"
"SRR23759435","TRANSCRIPTOMIC"
"SRR12709566","GENOMIC"
"SRR645306","GENOMIC"
"SRR2063933","VIRAL RNA"
"SRR12709319","GENOMIC"
"SRR12710142","GENOMIC"
"SRR15442413","METAGENOMIC"
"SRR6847269","METAGENOMIC"
"SRR15442223","METAGENOMIC"
"SRR25256569","GENOMIC"
"SRR7621251","GENOMIC"
"SRR14864806","GENOMIC"
"SRR18484265","GENOMIC"
"SRR10825112","GENOMIC"
"SRR27078790","METAGENOMIC"
"SRR25288784","VIRAL RNA"
"SRR25288821","VIRAL RNA"
"SRR25288688","VIRAL RNA"
"SRR17839278","TRANSCRIPTOMIC"
"SRR5447145","VIRAL RNA"
"SRR15442214","METAGENOMIC"
"SRR12709564","GENOMIC"
"SRR13289356","GENOMIC"
"SRR12056157","GENOMIC"
"SRR1051798","GENOMIC"
"SRR22213334","GENOMIC"
"SRR12517639","GENOMIC"
"SRR12709141","GENOMIC"
"SRR18483908","GENOMIC"
"SRR11728928","TRANSCRIPTOMIC"
"SRR25288680","VIRAL RNA"
"SRR27078516","METAGENOMIC"
"SRR20326686","GENOMIC"
"SRR22071730","METATRANSCRIPTOMIC"
"SRR22765713","GENOMIC"
"DRR165196","TRANSCRIPTOMIC"
"SRR3592526","GENOMIC"
"SRR5470525","GENOMIC"
"SRR16368198","GENOMIC"
"SRR1611022","GENOMIC"
"SRR15442779","METAGENOMIC"
"SRR12146172","GENOMIC"
"SRR26045503","TRANSCRIPTOMIC"
"SRR6847305","METAGENOMIC"
"SRR15442919","METAGENOMIC"
"SRR12710052","GENOMIC"
"SRR12709382","GENOMIC"
"SRR21023482","GENOMIC"
"SRR26405554","GENOMIC"
"SRR12709320","GENOMIC"
"SRR9858361","TRANSCRIPTOMIC"
"SRR21205031","TRANSCRIPTOMIC"
"SRR22071716","METATRANSCRIPTOMIC"
"SRR1611087","GENOMIC"
"SRR8360571","TRANSCRIPTOMIC"
"SRR13376341","GENOMIC"
"SRR25663464","GENOMIC"
"SRR8239483","TRANSCRIPTOMIC"
"SRR12709177","GENOMIC"
"SRR12709199","GENOMIC"
"SRR18511985","GENOMIC"
"SRR12709768","GENOMIC"
"DRR013329","GENOMIC"
"SRR4003748","GENOMIC"
"SRR27078786","METAGENOMIC"
"SRR24199650","GENOMIC"
"SRR6847290","METAGENOMIC"
"SRR17272085","TRANSCRIPTOMIC"
"SRR12709105","GENOMIC"
"SRR12709937","GENOMIC"
"SRR14103846","GENOMIC"
"SRR27078657","METAGENOMIC"
"DRR197430","GENOMIC"
"SRR466335","METAGENOMIC"
"SRR5042766","TRANSCRIPTOMIC"
"DRR013320","GENOMIC"
"SRR12709176","GENOMIC"
"SRR12709384","GENOMIC"
"SRR13289359","GENOMIC"
"SRR15442578","METAGENOMIC"
"SRR1952601","METAGENOMIC"
"SRR25461973","GENOMIC"
"SRR22765716","GENOMIC"
"SRR25661112","GENOMIC"
"DRR125305","GENOMIC"
"SRR18443044","GENOMIC"
"SRR17803837","GENOMIC"
"SRR25288736","VIRAL RNA"
"SRR12709211","GENOMIC"
"SRR12709340","GENOMIC"
"SRR13289425","GENOMIC"
"SRR7665955","GENOMIC"
"SRR27078522","METAGENOMIC"
"SRR14712222","GENOMIC"
"SRR25288797","VIRAL RNA"
"SRR4003742","GENOMIC"
"SRR15672526","GENOMIC"
"SRR5836470","GENOMIC"
"SRR15461570","GENOMIC"
"SRR25288568","VIRAL RNA"
"DRR125353","GENOMIC"
"SRR12709174","GENOMIC"
"SRR4003667","GENOMIC"
"SRR12709686","GENOMIC"
"SRR12709160","GENOMIC"
"SRR16942734","GENOMIC"
"SRR22371325","TRANSCRIPTOMIC SINGLE CELL"
"SRR12709943","GENOMIC"
"SRR3614884","OTHER"
"SRR12709954","GENOMIC"
"DRR125278","GENOMIC"
"DRR125272","GENOMIC"
"SRR18086818","GENOMIC"
"SRR13289353","GENOMIC"
"SRR12950066","GENOMIC"
"SRR25288571","VIRAL RNA"
"SRR15442571","METAGENOMIC"
"SRR26588466","TRANSCRIPTOMIC"
"SRR12709313","GENOMIC"
"SRR4003707","GENOMIC"
"SRR25288716","VIRAL RNA"
"SRR15442751","METAGENOMIC"
"SRR10044860","TRANSCRIPTOMIC"
"SRR12709907","GENOMIC"
"SRR21977194","TRANSCRIPTOMIC"
"SRR25256588","GENOMIC"
"SRR12709475","GENOMIC"
"SRR4003625","GENOMIC"
"SRR4003651","GENOMIC"
"DRR008488","GENOMIC"
"SRR3615020","OTHER"
"SRR25288617","VIRAL RNA"
"SRR15442662","METAGENOMIC"
"SRR12709367","GENOMIC"
"SRR1647024","METAGENOMIC"
"SRR13962358","METAGENOMIC"
"SRR22071704","METATRANSCRIPTOMIC"
"SRR19350907","TRANSCRIPTOMIC"
"SRR6058075","TRANSCRIPTOMIC"
"SRR25663669","GENOMIC"
"SRR12709404","GENOMIC"
"SRR5415516","VIRAL RNA"
"SRR15442950","METAGENOMIC"
"DRR125360","GENOMIC"
"SRR10768864","TRANSCRIPTOMIC"
"SRR25288483","VIRAL RNA"
"SRR1647374","METAGENOMIC"
"SRR12450595","GENOMIC"
"SRR13289357","GENOMIC"
"SRR6847339","METAGENOMIC"
"SRR18936019","TRANSCRIPTOMIC"
"SRR12709995","GENOMIC"
"SRR4003646","GENOMIC"
"SRR1647500","METAGENOMIC"
"SRR18442705","GENOMIC"
"SRR19350944","TRANSCRIPTOMIC"
"SRR17055939","TRANSCRIPTOMIC"
"SRR5398836","GENOMIC"
"SRR4003751","GENOMIC"
"SRR12710096","GENOMIC"
"DRR197437","GENOMIC"
"SRR10567076","GENOMIC"
"SRR19174533","GENOMIC"
"SRR12709225","GENOMIC"
"SRR12709728","GENOMIC"
"SRR2063938","VIRAL RNA"
"SRR25288704","VIRAL RNA"
"SRR3862137","GENOMIC"
"SRR13234957","GENOMIC"
"SRR24184630","GENOMIC"
"SRR25288519","VIRAL RNA"
"SRR16368207","GENOMIC"
"SRR4003647","GENOMIC"
"SRR25288769","VIRAL RNA"
"SRR15442208","METAGENOMIC"
"SRR3614978","OTHER"
"SRR18483893","GENOMIC"
"SRR24199649","GENOMIC"
"SRR8130963","GENOMIC"
"SRR11728929","TRANSCRIPTOMIC"
"SRR27078519","METAGENOMIC"
"SRR10598191","TRANSCRIPTOMIC"
"DRR125297","GENOMIC"
"SRR15442933","METAGENOMIC"
"SRR25661650","GENOMIC"
"SRR16597600","GENOMIC"
"SRR17331055","GENOMIC"
"SRR25288604","VIRAL RNA"
"SRR5458559","TRANSCRIPTOMIC"
"SRR25256564","GENOMIC"
"SRR25648973","GENOMIC"
"SRR22537664","GENOMIC"
"SRR11108589","OTHER"
"SRR18579887","TRANSCRIPTOMIC"
"SRR4003703","GENOMIC"
"SRR27078740","METAGENOMIC"
"SRR27078613","METAGENOMIC"
"SRR13114342","TRANSCRIPTOMIC"
"SRR8437782","GENOMIC"
"SRR1611086","GENOMIC"
"SRR5677821","METAGENOMIC"
"SRR18511961","GENOMIC"
"SRR11743604","TRANSCRIPTOMIC"
"SRR1609909","GENOMIC"
"SRR13234982","GENOMIC"
"SRR15442465","METAGENOMIC"
"SRR1647127","METAGENOMIC"
"SRR12709411","GENOMIC"
"SRR27078533","METAGENOMIC"
"SRR12710056","GENOMIC"
"SRR12950065","GENOMIC"
"SRR27078829","METAGENOMIC"
"SRR27078556","METAGENOMIC"
"SRR6847284","METAGENOMIC"
"SRR12709292","GENOMIC"
"SRR12709370","GENOMIC"
"SRR17518786","TRANSCRIPTOMIC"
"DRR125310","GENOMIC"
"SRR12709336","GENOMIC"
"SRR4003691","GENOMIC"
"SRR12709745","GENOMIC"
"SRR13434102","TRANSCRIPTOMIC"
"SRR12207376","GENOMIC"
"SRR12709251","GENOMIC"
"SRR12709409","GENOMIC"
"SRR1647438","METAGENOMIC"
"SRR11811979","TRANSCRIPTOMIC"
"SRR10074838","GENOMIC"
"SRR18936010","TRANSCRIPTOMIC"
"SRR25288711","VIRAL RNA"
"SRR22765728","GENOMIC"
"SRR15442486","METAGENOMIC"
"SRR12709304","GENOMIC"
"SRR11095737","TRANSCRIPTOMIC"
"SRR13434166","TRANSCRIPTOMIC"
"SRR5335914","TRANSCRIPTOMIC"
"SRR22765757","GENOMIC"
"SRR5091621","GENOMIC"
"SRR24465286","GENOMIC"
"SRR17227495","TRANSCRIPTOMIC"
"SRR12709088","GENOMIC"
"SRR12710040","GENOMIC"
"SRR12709543","GENOMIC"
"SRR22138014","TRANSCRIPTOMIC SINGLE CELL"
"SRR13434049","TRANSCRIPTOMIC"
"SRR12709430","GENOMIC"
"SRR19350892","TRANSCRIPTOMIC"
"DRR336011","TRANSCRIPTOMIC"
"SRR11908776","TRANSCRIPTOMIC"
"SRR27078787","METAGENOMIC"
"SRR7621212","GENOMIC"
"SRR22071711","METATRANSCRIPTOMIC"
"SRR8653790","GENOMIC"
"SRR14068144","GENOMIC"
"SRR12709726","GENOMIC"
"SRR4003759","GENOMIC"
"DRR336009","TRANSCRIPTOMIC"
"SRR19174525","GENOMIC"
"SRR12710118","GENOMIC"
"SRR1611079","GENOMIC"
"SRR13674515","TRANSCRIPTOMIC"
"SRR21109204","GENOMIC"
"SRR25288596","VIRAL RNA"
"SRR12709448","GENOMIC"
"SRR25288518","VIRAL RNA"
"SRR2146138","SYNTHETIC"
"SRR12709394","GENOMIC"
"SRR25288764","VIRAL RNA"
"SRR15442518","METAGENOMIC"
"SRR21977179","GENOMIC"
"SRR25288807","VIRAL RNA"
"SRR25288731","VIRAL RNA"
"SRR4003713","GENOMIC"
"SRR9858360","TRANSCRIPTOMIC"
"SRR17878379","TRANSCRIPTOMIC"
"SRR12709419","GENOMIC"
"SRR4003722","GENOMIC"
"DRR125276","GENOMIC"
"SRR13771795","TRANSCRIPTOMIC"
"SRR4003785","GENOMIC"
"SRR25288773","VIRAL RNA"
"SRR21631221","GENOMIC"
"SRR14712223","GENOMIC"
"SRR15442962","METAGENOMIC"
"DRR197450","GENOMIC"
"SRR15442823","METAGENOMIC"
"SRR13233962","GENOMIC"
"SRR13008576","METAGENOMIC"
"SRR1647426","METAGENOMIC"
"SRR13233338","GENOMIC"
"SRR25288701","VIRAL RNA"
"DRR197458","GENOMIC"
"SRR8509868","METAGENOMIC"
"SRR12709371","GENOMIC"
"SRR27078513","METAGENOMIC"
"SRR4003746","GENOMIC"
"SRR12709423","GENOMIC"
"SRR15335096","GENOMIC"
"DRR125241","GENOMIC"
"SRR5651372","GENOMIC"
"SRR5836469","GENOMIC"
"DRR125378","GENOMIC"
"SRR17803828","GENOMIC"
"SRR18442563","GENOMIC"
"SRR12709178","GENOMIC"
"SRR22764384","TRANSCRIPTOMIC"
"SRR12710137","GENOMIC"
"SRR3862151","GENOMIC"
"SRR4332828","GENOMIC"
"SRR2146139","SYNTHETIC"
"SRR4003743","GENOMIC"
"SRR5970517","GENOMIC"
"SRR12709307","GENOMIC"
"SRR18243962","TRANSCRIPTOMIC"
"SRR11728955","TRANSCRIPTOMIC"
"SRR12709282","GENOMIC"
"SRR18400952","GENOMIC"
"SRR15672523","GENOMIC"
"SRR27078676","METAGENOMIC"
"SRR25288757","VIRAL RNA"
"SRR3614862","OTHER"
"SRR12709427","GENOMIC"
"SRR19350966","TRANSCRIPTOMIC"
"SRR12709214","GENOMIC"
"SRR25288495","VIRAL RNA"
"DRR197454","GENOMIC"
"SRR12709806","GENOMIC"
"SRR4445817","GENOMIC"
"SRR12709985","GENOMIC"
"DRR322188","GENOMIC"
"DRR125286","GENOMIC"
"SRR17932210","METAGENOMIC"
"SRR13233356","GENOMIC"
"SRR11811981","TRANSCRIPTOMIC"
"SRR1609143","GENOMIC"
"SRR8313442","GENOMIC"
"SRR27078594","METAGENOMIC"
"SRR12709886","GENOMIC"
"SRR10825110","GENOMIC"
"SRR12709161","GENOMIC"
"SRR10768861","TRANSCRIPTOMIC"
"SRR25523787","TRANSCRIPTOMIC SINGLE CELL"
"SRR12709744","GENOMIC"
"SRR15442756","METAGENOMIC"
"SRR15719358","METATRANSCRIPTOMIC"
"SRR26073715","GENOMIC"
"SRR27078608","METAGENOMIC"
"SRR16019139","TRANSCRIPTOMIC"
"SRR4003617","GENOMIC"
"SRR6847340","METAGENOMIC"
"SRR25318379","METAGENOMIC"
"SRR15724326","TRANSCRIPTOMIC"
"SRR3614854","OTHER"
"DRR125359","GENOMIC"
"SRR1611076","GENOMIC"
"SRR18086813","GENOMIC"
"SRR1611099","GENOMIC"
"SRR25288820","VIRAL RNA"
"DRR125251","GENOMIC"
"SRR25658126","GENOMIC"
"SRR6242968","METAGENOMIC"
"SRR4003760","GENOMIC"
"SRR27078935","METAGENOMIC"
"DRR125288","GENOMIC"
"SRR22765704","GENOMIC"
"SRR19898636","TRANSCRIPTOMIC"
"SRR12820635","GENOMIC"
"SRR27078552","METAGENOMIC"
"SRR17518778","TRANSCRIPTOMIC"
"SRR22028280","TRANSCRIPTOMIC"
"SRR25288813","VIRAL RNA"
"SRR12709224","GENOMIC"
"SRR24307129","METAGENOMIC"
"SRR25288484","VIRAL RNA"
"SRR9112964","GENOMIC"
"SRR23700944","TRANSCRIPTOMIC"
"SRR8109519","GENOMIC"
"SRR12517836","GENOMIC"
"SRR14712215","GENOMIC"
"SRR11728957","TRANSCRIPTOMIC"
"SRR12709271","GENOMIC"
"SRR1647234","METAGENOMIC"
"SRR11556309","GENOMIC"
"SRR15672515","GENOMIC"
"SRR15442912","METAGENOMIC"
"SRR25679355","TRANSCRIPTOMIC"
"SRR8130960","GENOMIC"
"SRR12694846","GENOMIC"
"SRR13700643","GENOMIC"
"SRR1639734","GENOMIC"
"SRR25288841","VIRAL RNA"
"SRR27078656","METAGENOMIC"
"SRR15442837","METAGENOMIC"
"SRR25288524","VIRAL RNA"
"SRR22672198","TRANSCRIPTOMIC SINGLE CELL"
"SRR4003762","GENOMIC"
"SRR22071714","METATRANSCRIPTOMIC"
"SRR15442963","METAGENOMIC"
"SRR18286248","TRANSCRIPTOMIC"
"SRR17140469","METAGENOMIC"
"SRR21205034","TRANSCRIPTOMIC"
"SRR1611108","GENOMIC"
"SRR12709131","GENOMIC"
"DRR125292","GENOMIC"
"SRR12709775","GENOMIC"
"SRR1611025","GENOMIC"
"SRR27078797","METAGENOMIC"
"SRR13790190","TRANSCRIPTOMIC"
"SRR12710027","GENOMIC"
"SRR27078618","METAGENOMIC"
"SRR15442952","METAGENOMIC"
"SRR15442830","METAGENOMIC"
"SRR13657713","GENOMIC"
"SRR12710152","GENOMIC"
"SRR12709879","GENOMIC"
"SRR8244392","TRANSCRIPTOMIC"
"SRR21148509","GENOMIC"
"SRR10009759","GENOMIC"
"SRR27078481","METAGENOMIC"
"SRR15442957","METAGENOMIC"
"DRR013327","GENOMIC"
"SRR25288812","VIRAL RNA"
"SRR4003637","GENOMIC"
"DRR013318","GENOMIC"
"SRR27078767","METAGENOMIC"
"SRR15442658","METAGENOMIC"
"SRR12709097","GENOMIC"
"SRR12709472","GENOMIC"
"SRR15442834","METAGENOMIC"
"SRR20744551","METAGENOMIC"
"SRR12709459","GENOMIC"
"SRR25288693","VIRAL RNA"
"SRR23759437","TRANSCRIPTOMIC"
"SRR1611119","GENOMIC"
"SRR5904123","TRANSCRIPTOMIC"
"SRR25288749","VIRAL RNA"
"DRR197463","GENOMIC"
"DRR197440","GENOMIC"
"SRR4003606","GENOMIC"
"DRR125355","GENOMIC"
"SRR15442468","METAGENOMIC"
"SRR22537669","GENOMIC"
"SRR12709743","GENOMIC"
"SRR4003724","GENOMIC"
"SRR25288506","VIRAL RNA"
"SRR22765725","GENOMIC"
"DRR125306","GENOMIC"
"DRR125343","GENOMIC"
"SRR13434114","TRANSCRIPTOMIC"
"SRR27078773","METAGENOMIC"
"SRR12709695","GENOMIC"
"SRR25288734","VIRAL RNA"
"DRR125244","GENOMIC"
"SRR25256522","GENOMIC"
"SRR20992722","TRANSCRIPTOMIC"
"SRR15442827","METAGENOMIC"
"SRR1611023","GENOMIC"
"SRR6976437","GENOMIC"
"DRR125299","GENOMIC"
"SRR12709902","GENOMIC"
"SRR4003650","GENOMIC"
"SRR27078917","METAGENOMIC"
"SRR1647372","METAGENOMIC"
"SRR17422888","TRANSCRIPTOMIC"
"SRR5761985","GENOMIC"
"SRR13289358","GENOMIC"
"SRR27078870","METAGENOMIC"
"SRR22537666","GENOMIC"
"SRR15442758","METAGENOMIC"
"SRR22672230","TRANSCRIPTOMIC SINGLE CELL"
"SRR25288782","VIRAL RNA"
"SRR22765706","GENOMIC"
"SRR15442822","METAGENOMIC"
"DRR125258","GENOMIC"
"SRR18484206","GENOMIC"
"SRR27078683","METAGENOMIC"
"SRR25661111","GENOMIC"
"SRR17383003","TRANSCRIPTOMIC"
"SRR12710006","GENOMIC"
"SRR25288772","VIRAL RNA"
"SRR22765732","GENOMIC"
"SRR16368190","GENOMIC"
"SRR27078650","METAGENOMIC"
"SRR27078515","METAGENOMIC"
"SRR25288546","VIRAL RNA"
"SRR9112950","GENOMIC"
"SRR14340910","TRANSCRIPTOMIC"
"DRR125239","GENOMIC"
"SRR21148533","GENOMIC"
"SRR14010429","GENOMIC"
"SRR22765765","GENOMIC"
"SRR18400672","GENOMIC"
"SRR12709894","GENOMIC"
"SRR12709433","GENOMIC"
"SRR25288835","VIRAL RNA"
"SRR24307131","METAGENOMIC"
"SRR24307062","METAGENOMIC"
"SRR22765755","GENOMIC"
"SRR9281010","GENOMIC"
"SRR25256529","GENOMIC"
"SRR15719350","METATRANSCRIPTOMIC"
"SRR12709953","GENOMIC"
"SRR13235000","GENOMIC"
"SRR25663668","GENOMIC"
"SRR22071729","METATRANSCRIPTOMIC"
"DRR125339","GENOMIC"
"SRR18243957","GENOMIC"
"SRR11108590","OTHER"
"SRR22421698","GENOMIC"
"SRR8615013","TRANSCRIPTOMIC"
"SRR12886421","TRANSCRIPTOMIC"
"SRR12709843","GENOMIC"
"SRR25288795","VIRAL RNA"
"SRR25288684","VIRAL RNA"
"SRR12709315","GENOMIC"
"SRR2063924","VIRAL RNA"
"SRR6058077","TRANSCRIPTOMIC"
"DRR197446","GENOMIC"
"SRR8666910","GENOMIC"
"SRR25288694","VIRAL RNA"
"SRR25288810","VIRAL RNA"
"SRR7957476","METAGENOMIC"
"SRR25288825","VIRAL RNA"
"SRR1647164","METAGENOMIC"
"SRR27078658","METAGENOMIC"
"SRR1611062","GENOMIC"
"SRR23700863","GENOMIC"
"SRR3614830","OTHER"
"SRR22672227","TRANSCRIPTOMIC SINGLE CELL"
"SRR1646996","METAGENOMIC"
"SRR15442346","METAGENOMIC"
"SRR17072379","GENOMIC"
"SRR13289406","GENOMIC"
"SRR19796074","GENOMIC"
"SRR13614872","GENOMIC"
"SRR6847327","METAGENOMIC"
"SRR12709935","GENOMIC"
"SRR22765752","GENOMIC"
"SRR12709965","GENOMIC"
"SRR12709553","GENOMIC"
"SRR22764381","TRANSCRIPTOMIC"
"SRR15719357","METATRANSCRIPTOMIC"
"SRR5772126","GENOMIC"
"SRR15461561","GENOMIC"
"SRR12709912","GENOMIC"
"DRR013331","GENOMIC"
"SRR17438261","GENOMIC"
"SRR27078783","METAGENOMIC"
"SRR22123402","GENOMIC"
"SRR4003732","GENOMIC"
"SRR12709857","GENOMIC"
"SRR9961906","TRANSCRIPTOMIC"
"SRR25256549","GENOMIC"
"SRR17839280","TRANSCRIPTOMIC"
"SRR25288726","VIRAL RNA"
"DRR197416","GENOMIC"
"SRR22765759","GENOMIC"
"SRR3862131","GENOMIC"
"SRR18936017","TRANSCRIPTOMIC"
"SRR15442306","METAGENOMIC"
"SRR22983801","GENOMIC"
"SRR12709150","GENOMIC"
"SRR4003596","GENOMIC"
"SRR12709751","GENOMIC"
"SRR25256565","GENOMIC"
"SRR15442313","METAGENOMIC"
"SRR18443053","GENOMIC"
"SRR12709717","GENOMIC"
"SRR15442311","METAGENOMIC"
"SRR18243954","GENOMIC"
"SRR25256542","GENOMIC"
"SRR25288770","VIRAL RNA"
"SRR25256550","GENOMIC"
"SRR23759446","TRANSCRIPTOMIC"
"SRR4003671","GENOMIC"
"SRR25288535","VIRAL RNA"
"SRR7120207","GENOMIC"
"SRR8509862","METAGENOMIC"
"SRR12709447","GENOMIC"
"SRR12709736","GENOMIC"
"SRR25288689","VIRAL RNA"
"SRR15442936","METAGENOMIC"
"SRR10044896","TRANSCRIPTOMIC"
"SRR25288499","VIRAL RNA"
"SRR24863899","TRANSCRIPTOMIC"
"SRR12517867","GENOMIC"
"SRR8981015","TRANSCRIPTOMIC"
"SRR18936018","TRANSCRIPTOMIC"
"SRR15442938","METAGENOMIC"
"SRR12709805","GENOMIC"
"SRR27078781","METAGENOMIC"
"SRR15442209","METAGENOMIC"
"SRR4003773","GENOMIC"
"SRR11728930","TRANSCRIPTOMIC"
"SRR12710110","GENOMIC"
"SRR12709911","GENOMIC"
"SRR15442895","METAGENOMIC"
"SRR15442542","METAGENOMIC"
"SRR15442222","METAGENOMIC"
"SRR19350918","TRANSCRIPTOMIC"
"SRR8197299","GENOMIC"
"SRR21770678","GENOMIC"
"SRR26405561","GENOMIC"
"SRR16368201","GENOMIC"
"SRR17331052","GENOMIC"
"DRR125325","GENOMIC"
"SRR9013054","GENOMIC"
"SRR8452493","TRANSCRIPTOMIC"
"SRR19350933","TRANSCRIPTOMIC"
"SRR22691042","TRANSCRIPTOMIC"
"SRR15442801","METAGENOMIC"
"SRR13729787","TRANSCRIPTOMIC"
"SRR27078561","METAGENOMIC"
"SRR8561803","TRANSCRIPTOMIC"
"SRR25288818","VIRAL RNA"
"SRR15442522","METAGENOMIC"
"SRR10920882","GENOMIC"
"SRR10044893","TRANSCRIPTOMIC"
"SRR15442590","METAGENOMIC"
"SRR21109203","GENOMIC"
"SRR27078833","METAGENOMIC"
"SRR22764382","TRANSCRIPTOMIC"
"SRR24686453","TRANSCRIPTOMIC"
"DRR197435","GENOMIC"
"DRR125280","GENOMIC"
"SRR12709255","GENOMIC"
"SRR15442540","METAGENOMIC"
"SRR22672239","TRANSCRIPTOMIC SINGLE CELL"
"SRR10044880","TRANSCRIPTOMIC"
"SRR11310308","TRANSCRIPTOMIC"
"SRR25288616","VIRAL RNA"
"SRR1611115","GENOMIC"
"SRR25288811","VIRAL RNA"
"DRR125249","GENOMIC"
"SRR10768867","TRANSCRIPTOMIC"
"SRR15442953","METAGENOMIC"
"SRR6242969","METAGENOMIC"
"DRR125303","GENOMIC"
"SRR12709828","GENOMIC"
"SRR3862252","GENOMIC"
"SRR12709882","GENOMIC"
"SRR12709860","GENOMIC"
"SRR4003645","GENOMIC"
"SRR27078659","METAGENOMIC"
"SRR12709439","GENOMIC"
"SRR10044897","TRANSCRIPTOMIC"
"DRR125344","GENOMIC"
"SRR8509861","METAGENOMIC"
"SRR27078830","METAGENOMIC"
"SRR25288489","VIRAL RNA"
"SRR25288502","VIRAL RNA"
"SRR6243118","METAGENOMIC"
"SRR13233041","GENOMIC"
"SRR12709438","GENOMIC"
"SRR12709815","GENOMIC"
"SRR12709173","GENOMIC"
"DRR125367","GENOMIC"
"SRR9961917","TRANSCRIPTOMIC"
"SRR12532606","TRANSCRIPTOMIC"
"SRR10044877","TRANSCRIPTOMIC"
"SRR27078518","METAGENOMIC"
"SRR2063943","VIRAL RNA"
"SRR12710112","GENOMIC"
"SRR27078601","METAGENOMIC"
"SRR26405555","GENOMIC"
"SRR24224966","GENOMIC"
"SRR1611012","GENOMIC"
"SRR27078610","METAGENOMIC"
"SRR27078480","METAGENOMIC"
"SRR25288528","VIRAL RNA"
"SRR6847324","METAGENOMIC"
"SRR12709687","GENOMIC"
"SRR13271887","GENOMIC"
"SRR17846994","GENOMIC"
"SRR22132709","GENOMIC"
"SRR16938472","TRANSCRIPTOMIC"
"SRR27078498","METAGENOMIC"
"SRR15442792","METAGENOMIC"
"SRR6799710","GENOMIC"
"SRR13326270","GENOMIC"
"SRR12710043","GENOMIC"
"SRR13434162","TRANSCRIPTOMIC"
"SRR12709948","GENOMIC"
"SRR1611041","GENOMIC"
"SRR12709707","GENOMIC"
"SRR13925044","GENOMIC"
"SRR12709435","GENOMIC"
"SRR8313437","GENOMIC"
"SRR12709932","GENOMIC"
"SRR13518206","TRANSCRIPTOMIC"
"SRR4003662","GENOMIC"
"SRR27078609","METAGENOMIC"
"SRR10423025","TRANSCRIPTOMIC"
"SRR12709802","GENOMIC"
"SRR12709534","GENOMIC"
"SRR20726282","GENOMIC"
"SRR4003714","GENOMIC"
"ERR4290212","GENOMIC"
"SRR4003604","GENOMIC"
"SRR15442647","METAGENOMIC"
"SRR18484312","GENOMIC"
"SRR18484318","GENOMIC"
"SRR15406610","GENOMIC"
"DRR197426","GENOMIC"
"SRR6847295","METAGENOMIC"
"SRR4003766","GENOMIC"
"ERR9287199","GENOMIC"
"SRR12330205","GENOMIC"
"SRR1611071","GENOMIC"
"SRR4003669","GENOMIC"
"ERR9287536","GENOMIC"
"SRR27078697","METAGENOMIC"
"SRR13275828","TRANSCRIPTOMIC"
"SRR27078489","METAGENOMIC"
"SRR27078655","METAGENOMIC"
"SRR18142643","TRANSCRIPTOMIC"
"SRR27078585","METAGENOMIC"
"SRR2932833","TRANSCRIPTOMIC"
"SRR12709120","GENOMIC"
"SRR7875388","GENOMIC"
"SRR12710033","GENOMIC"
"SRR9961913","TRANSCRIPTOMIC"
"SRR27078672","METAGENOMIC"
"SRR26405552","GENOMIC"
"DRR125366","GENOMIC"
"SRR6847289","METAGENOMIC"
"SRR9858396","TRANSCRIPTOMIC"
"SRR12709997","GENOMIC"
"SRR12709217","GENOMIC"
"SRR15442455","METAGENOMIC"
"SRR8645860","TRANSCRIPTOMIC"
"SRR12709910","GENOMIC"
"SRR11728964","TRANSCRIPTOMIC"
"SRR22672240","TRANSCRIPTOMIC SINGLE CELL"
"SRR26405553","GENOMIC"
"SRR10902309","GENOMIC"
"SRR4003655","GENOMIC"
"SRR15442458","METAGENOMIC"
"SRR20992721","TRANSCRIPTOMIC"
"SRR15442528","METAGENOMIC"
"SRR988386","GENOMIC"
"SRR8631965","GENOMIC"
"SRR5535766","METAGENOMIC"
"SRR6426568","GENOMIC"
"SRR13289395","GENOMIC"
"SRR15442341","METAGENOMIC"
"SRR21071062","GENOMIC"
"SRR1611074","GENOMIC"
"SRR6322812","TRANSCRIPTOMIC"
"SRR12709803","GENOMIC"
"SRR12709718","GENOMIC"
"SRR3986359","TRANSCRIPTOMIC"
"SRR27078892","METAGENOMIC"
"SRR22071723","METATRANSCRIPTOMIC"
"SRR12709450","GENOMIC"
"SRR14340915","TRANSCRIPTOMIC"
"SRR24901154","GENOMIC"
"SRR24489586","TRANSCRIPTOMIC SINGLE CELL"
"SRR12709279","GENOMIC"
"SRR12709311","GENOMIC"
"SRR15442211","METAGENOMIC"
"SRR12710180","GENOMIC"
"SRR10749042","TRANSCRIPTOMIC"
"DRR125298","GENOMIC"
"SRR1647216","METAGENOMIC"
"SRR12709723","GENOMIC"
"SRR3862145","GENOMIC"
"SRR12710102","GENOMIC"
"SRR25288687","VIRAL RNA"
"SRR25256528","GENOMIC"
"SRR12709398","GENOMIC"
"SRR6847319","METAGENOMIC"
"SRR18400076","GENOMIC"
"SRR12709095","GENOMIC"
"SRR17839273","TRANSCRIPTOMIC"
"SRR25288745","VIRAL RNA"
"SRR18483891","GENOMIC"
"SRR24184640","GENOMIC"
"SRR7958012","METAGENOMIC"
"SRR1609142","GENOMIC"
"SRR15724321","TRANSCRIPTOMIC"
"SRR22765745","GENOMIC"
"SRR27078512","METAGENOMIC"
"SRR19473882","GENOMIC"
