"V1"	"ncbi_host_broad"	"ncbi_host_specific"	"n_members"	"n_concordant"	"pct_concordant"
"AB793779.1_99_1280"	"Human"	"Human"	6	6	1
"AF131950.1_162_1343"	"Human"	"Human"	2	2	1
"AF151983.1_123_1304"	"Human"	"Human"	8	8	1
"AJ620209.1_165_1346"	"Human"	"Human"	54	54	1
"AJ620210.1_108_1316"	"Human"	"Human"	1	1	1
"AY330620.1_102_1286"	"Human"	"Human"	18	18	1
"AY395706.1_120_1298"	"Human"	"Human"	41	41	1
"BK066346.1_99_1316"	"Human"	"Human"	28	28	1
"BK066363.1_69_1280"	"Human"	"Human"	9	9	1
"BK066415.1_63_1253"	"Human"	"Human"	4	4	1
"BK066647.1_129_1349"	"Human"	"Human"	48	48	1
"BK066659.1_105_1319"	"Human"	"Human"	2	2	1
"DQ080078.1_135_1343"	"Human"	"Human"	3	3	1
"DQ080080.1_123_1304"	"Human"	"Human"	1	1	1
"DQ080081.1_231_1436"	"Human"	"Human"	3	3	1
"DQ344807.1_171_1337"	"Human"	"Human"	3	3	1
"FB582207.1_45_1223"	"Human"	"Human"	5	5	1
"FM212639.1_84_1292"	"Human"	"Human"	7	7	1
"GU117630.1_90_1307"	"Human"	"Human"	51	51	1
"GU117632.1_72_1271"	"Human"	"Human"	6	6	1
"GU117633.1_117_1328"	"Human"	"Human"	25	25	1
"GU129016.1_72_1286"	"Human"	"Human"	11	11	1
"GU233853.1_105_1319"	"Human"	"Human"	13	13	1
"HM999988.1_105_1325"	"Human"	"Human"	37	37	1
"HM999989.1_123_1322"	"Human"	"Human"	8	8	1
"HM999991.1_69_1277"	"Human"	"Human"	1	1	1
"HM999995.1_141_1364"	"Human"	"Human"	8	8	1
"HM999996.1_87_1313"	"Human"	"Human"	7	7	1
"HM999998.1_135_1343"	"Human"	"Human"	18	18	1
"JF304768.1_96_1316"	"Human"	"Human"	13	13	1
"JF906559.1_141_1349"	"Human"	"Human"	16	16	1
"JF966372.1_75_1280"	"Human"	"Human"	14	14	1
"JF966373.1_72_1274"	"Human"	"Human"	9	9	1
"JF966374.1_105_1328"	"Human"	"Human"	34	34	1
"JF966375.1_153_1373"	"Human"	"Human"	10	10	1
"JF966379.1_72_1274"	"Human"	"Human"	4	4	1
"JN171845.1_81_1295"	"Human"	"Human"	1	1	1
"JN211193.1_105_1328"	"Human"	"Human"	3	3	1
"JX413108.1_90_1283"	"Human"	"Human"	1	1	1
"JX413109.1_90_1286"	"Human"	"Human"	23	23	1
"JX413110.1_144_1361"	"Human"	"Human"	1	1	1
"JX444073.1_72_1268"	"Human"	"Human"	20	20	1
"KC862317.1_87_1319"	"Human"	"Human"	29	29	1
"KF006400.1_93_1304"	"Human"	"Human"	87	87	1
"KF482069.1_123_1346"	"Human"	"Human"	24	24	1
"KJ145795.1_198_1382"	"Human"	"Human"	1	1	1
"KJ913662.1_87_1274"	"Human"	"Human"	27	27	1
"KP692115.1_57_1262"	"Human"	"Human"	29	29	1
"KP692117.1_78_1307"	"Human"	"Human"	1	1	1
"KP692118.1_147_1352"	"Human"	"Human"	7	7	1
"KP692124.1_72_1277"	"Human"	"Human"	45	45	1
"KP692175.1_78_1289"	"Human"	"Human"	18	18	1
"KP769769.1_78_1268"	"Human"	"Human"	16	16	1
"KR816167.1_93_1322"	"Human"	"Human"	1	1	1
"KR816169.1_93_1316"	"Human"	"Human"	2	2	1
"KR816171.1_90_1301"	"Human"	"Human"	6	6	1
"KR816172.1_123_1331"	"Human"	"Human"	4	4	1
"KR816174.1_96_1307"	"Human"	"Human"	21	21	1
"KR816176.1_141_1355"	"Human"	"Human"	25	25	1
"KR816177.1_135_1355"	"Human"	"Human"	16	16	1
"KR816178.1_90_1301"	"Human"	"Human"	3	3	1
"KR816180.1_141_1346"	"Human"	"Human"	8	8	1
"KR816181.1_114_1322"	"Human"	"Human"	6	6	1
"KT698167.1_93_1304"	"Human"	"Human"	2	2	1
"KX082661.1_135_1328"	"Human"	"Human"	3	3	1
"KX781280.1_135_1352"	"Human"	"Human"	28	28	1
"KX781281.1_141_1355"	"Human"	"Human"	33	33	1
"LR861990.1_147_1349"	"Human"	"Human"	3	3	1
"LR862035.1_138_1343"	"Human"	"Human"	4	4	1
"LR862055.1_237_1439"	"Human"	"Human"	5	5	1
"MF356498.1_93_1304"	"Human"	"Human"	21	21	1
"MF509817.1_78_1304"	"Human"	"Human"	1	1	1
"MF509820.1_105_1316"	"Human"	"Human"	4	4	1
"MF588676.1_252_1430"	"Human"	"Human"	2	2	1
"MF588684.1_141_1334"	"Human"	"Human"	14	14	1
"MF588685.1_90_1301"	"Human"	"Human"	36	36	1
"MF588686.1_90_1298"	"Human"	"Human"	14	14	1
"MF588687.1_123_1331"	"Human"	"Human"	12	12	1
"MF588689.1_171_1370"	"Human"	"Human"	11	11	1
"MF588690.1_60_1265"	"Human"	"Human"	2	2	1
"MF588692.1_69_1280"	"Human"	"Human"	5	5	1
"MF588694.1_48_1259"	"Human"	"Human"	8	8	1
"MF588695.1_78_1289"	"Human"	"Human"	25	25	1
"MF588696.1_222_1436"	"Human"	"Human"	7	7	1
"MF588702.1_138_1343"	"Human"	"Human"	3	3	1
"MF588703.1_141_1343"	"Human"	"Human"	4	4	1
"MF588705.1_144_1358"	"Human"	"Human"	16	16	1
"MF588706.1_93_1298"	"Human"	"Human"	21	21	1
"MF588708.1_165_1379"	"Human"	"Human"	33	33	1
"MF588709.1_105_1319"	"Human"	"Human"	5	5	1
"MF588714.1_78_1304"	"Human"	"Human"	24	24	1
"MF588715.1_105_1328"	"Human"	"Human"	17	17	1
"MF588723.1_75_1295"	"Human"	"Human"	2	2	1
"MF588729.1_135_1340"	"Human"	"Human"	17	17	1
"MF588733.1_60_1256"	"Human"	"Human"	16	16	1
"MF588734.1_90_1307"	"Human"	"Human"	1	1	1
"MF588735.1_147_1361"	"Human"	"Human"	22	22	1
"MF588738.1_114_1331"	"Human"	"Human"	20	20	1
"MF588739.1_147_1361"	"Human"	"Human"	19	19	1
"MF588740.1_72_1280"	"Human"	"Human"	6	6	1
"MF588743.1_72_1289"	"Human"	"Human"	19	19	1
"MF588745.1_90_1292"	"Human"	"Human"	48	48	1
"MF588747.1_156_1376"	"Human"	"Human"	4	4	1
"MF588748.1_141_1355"	"Human"	"Human"	26	26	1
"MF588750.1_135_1352"	"Human"	"Human"	23	23	1
"MF588751.1_144_1364"	"Human"	"Human"	10	10	1
"MF588753.1_69_1286"	"Human"	"Human"	11	11	1
"MF588757.1_54_1325"	"Human"	"Human"	3	3	1
"MF588760.1_105_1310"	"Human"	"Human"	18	18	1
"MF588772.1_69_1274"	"Human"	"Human"	5	5	1
"MF588773.1_72_1265"	"Human"	"Human"	1	1	1
"MF588775.1_138_1334"	"Human"	"Human"	17	17	1
"MF588786.1_135_1364"	"Human"	"Human"	10	10	1
"MF588793.1_75_1283"	"Human"	"Human"	2	2	1
"MG063749.1_87_1307"	"Human"	"Human"	4	4	1
"MG869605.1_99_1313"	"Human"	"Human"	15	15	1
"MG921180.1_138_1343"	"Human"	"Human"	2	2	1
"MH172379.1_90_1298"	"Human"	"Human"	31	31	1
"MH460956.1_99_1298"	"Human"	"Human"	3	3	1
"MH777158.2_90_1307"	"Human"	"Human"	5	5	1
"MH777159.2_48_1259"	"Human"	"Human"	4	4	1
"MH777160.2_96_1310"	"Human"	"Human"	4	4	1
"MH777163.2_93_1310"	"Human"	"Human"	14	14	1
"MH777165.2_93_1286"	"Human"	"Human"	36	36	1
"MH777167.2_90_1307"	"Human"	"Human"	4	4	1
"MH777168.2_105_1328"	"Human"	"Human"	8	8	1
"MH777171.1_120_1313"	"Human"	"Human"	3	3	1
"MH777177.1_123_1325"	"Human"	"Human"	13	13	1
"MH777178.2_90_1304"	"Human"	"Human"	17	17	1
"MH777182.2_147_1361"	"Human"	"Human"	2	2	1
"MH777185.2_90_1280"	"Human"	"Human"	25	25	1
"MH777186.2_78_1307"	"Human"	"Human"	1	1	1
"MH777190.2_57_1286"	"Human"	"Human"	6	6	1
"MH777192.2_99_1313"	"Human"	"Human"	12	12	1
"MH777194.1_99_1298"	"Human"	"Human"	9	9	1
"MH777195.2_78_1307"	"Human"	"Human"	17	17	1
"MH777199.2_93_1286"	"Human"	"Human"	1	1	1
"MH777200.2_72_1262"	"Human"	"Human"	10	10	1
"MH777201.2_141_1364"	"Human"	"Human"	15	15	1
"MH777202.2_168_1397"	"Human"	"Human"	2	2	1
"MH777206.2_105_1325"	"Human"	"Human"	6	6	1
"MH777207.2_93_1304"	"Human"	"Human"	10	10	1
"MH777208.2_81_1304"	"Human"	"Human"	4	4	1
"MH777212.2_90_1307"	"Human"	"Human"	12	12	1
"MH777217.2_72_1280"	"Human"	"Human"	9	9	1
"MH777219.2_87_1289"	"Human"	"Human"	1	1	1
"MH777220.2_105_1319"	"Human"	"Human"	2	2	1
"MH777224.2_60_1280"	"Human"	"Human"	1	1	1
"MH777228.1_111_1310"	"Human"	"Human"	2	2	1
"MH777230.1_105_1319"	"Human"	"Human"	3	3	1
"MH777232.2_75_1280"	"Human"	"Human"	3	3	1
"MH777233.2_90_1298"	"Human"	"Human"	5	5	1
"MH777237.2_126_1355"	"Human"	"Human"	3	3	1
"MH777238.1_81_1304"	"Human"	"Human"	10	10	1
"MH777241.1_171_1382"	"Human"	"Human"	19	19	1
"MH777243.2_117_1328"	"Human"	"Human"	1	1	1
"MH777244.2_96_1292"	"Human"	"Human"	17	17	1
"MH777245.2_69_1289"	"Human"	"Human"	4	4	1
"MH777251.2_69_1286"	"Human"	"Human"	8	8	1
"MH777257.2_141_1355"	"Human"	"Human"	10	10	1
"MH777259.2_132_1331"	"Human"	"Human"	17	17	1
"MH777260.2_69_1289"	"Human"	"Human"	9	9	1
"MH777261.2_93_1310"	"Human"	"Human"	1	1	1
"MH777263.1_105_1316"	"Human"	"Human"	2	2	1
"MH777264.2_123_1319"	"Human"	"Human"	11	11	1
"MH777265.2_60_1277"	"Human"	"Human"	1	1	1
"MH777268.2_72_1274"	"Human"	"Human"	16	16	1
"MH777270.1_96_1307"	"Human"	"Human"	7	7	1
"MH777273.2_138_1343"	"Human"	"Human"	17	17	1
"MH777280.2_72_1280"	"Human"	"Human"	4	4	1
"MH777289.1_135_1364"	"Human"	"Human"	26	26	1
"MH777294.2_72_1289"	"Human"	"Human"	13	13	1
"MH777297.1_84_1295"	"Human"	"Human"	12	12	1
"MH777302.1_105_1328"	"Human"	"Human"	23	23	1
"MH777307.2_69_1286"	"Human"	"Human"	19	19	1
"MH777310.1_69_1292"	"Human"	"Human"	5	5	1
"MH777311.2_93_1310"	"Human"	"Human"	17	17	1
"MH777313.2_84_1301"	"Human"	"Human"	5	5	1
"MH777314.2_69_1268"	"Human"	"Human"	11	11	1
"MH777315.2_72_1271"	"Human"	"Human"	8	8	1
"MH777325.2_132_1331"	"Human"	"Human"	3	3	1
"MH777328.2_123_1322"	"Human"	"Human"	3	3	1
"MH777331.2_129_1346"	"Human"	"Human"	5	5	1
"MH777334.1_126_1355"	"Human"	"Human"	7	7	1
"MH777343.2_72_1274"	"Human"	"Human"	1	1	1
"MH777347.2_72_1274"	"Human"	"Human"	17	17	1
"MH777350.2_117_1325"	"Human"	"Human"	31	31	1
"MH777351.2_144_1355"	"Human"	"Human"	3	3	1
"MH777352.2_156_1373"	"Human"	"Human"	4	4	1
"MH777355.2_69_1277"	"Human"	"Human"	10	10	1
"MH777356.2_96_1295"	"Human"	"Human"	6	6	1
"MH777357.2_72_1274"	"Human"	"Human"	15	15	1
"MH777358.2_75_1295"	"Human"	"Human"	22	22	1
"MH777368.1_129_1340"	"Human"	"Human"	39	39	1
"MH777377.2_69_1286"	"Human"	"Human"	14	14	1
"MH777378.1_99_1301"	"Human"	"Human"	6	6	1
"MH777379.2_69_1292"	"Human"	"Human"	16	16	1
"MH777380.2_87_1304"	"Human"	"Human"	3	3	1
"MH777383.2_90_1307"	"Human"	"Human"	20	20	1
"MH777384.2_87_1271"	"Human"	"Human"	4	4	1
"MH777385.2_69_1286"	"Human"	"Human"	3	3	1
"MH777388.2_69_1286"	"Human"	"Human"	4	4	1
"MH972558.1_96_1316"	"Human"	"Human"	5	5	1
"MH972562.2_63_1259"	"Human"	"Human"	9	9	1
"MK463910.1_51_1229"	"Human"	"Human"	3	3	1
"MK645900.1_99_1313"	"Human"	"Human"	15	15	1
"MW535770.1_99_1307"	"Human"	"Human"	6	6	1
"U31784.1_162_1343"	"Human"	"Human"	1	1	1
"AF070938.1_48_1226"	"Human"	"Human"	102	101	0.990196078431373
"HM999999.1_168_1394"	"Human"	"Human"	82	81	0.98780487804878
"D21208.1_183_1361"	"Human"	"Human"	73	72	0.986301369863014
"JX444072.1_63_1253"	"Human"	"Human"	72	71	0.986111111111111
"MF588749.1_135_1352"	"Human"	"Human"	67	66	0.985074626865672
"NC_001691.1_60_1286"	"Human"	"Human"	58	57	0.982758620689655
"MF588712.1_48_1256"	"Human"	"Human"	54	53	0.981481481481482
"MH777286.2_75_1298"	"Human"	"Human"	54	53	0.981481481481482
"A28090.1_126_1301"	"Human"	"Human"	205	201	0.980487804878049
"AJ400628.2_249_1436"	"Human"	"Human"	48	47	0.979166666666667
"AF293960.1_276_1460"	"Human"	"Human"	45	44	0.977777777777778
"HW350065.1_216_1397"	"Human"	"Human"	41	40	0.975609756097561
"HW350056.1_84_1259"	"Human"	"Human"	39	38	0.974358974358974
"HE963117.1_42_1214"	"Human"	"Human"	76	74	0.973684210526316
"MF588724.1_153_1361"	"Human"	"Human"	76	74	0.973684210526316
"MH777298.2_138_1340"	"Human"	"Human"	36	35	0.972222222222222
"MH777175.1_69_1277"	"Human"	"Human"	34	33	0.970588235294118
"MH777281.1_81_1265"	"Human"	"Human"	34	33	0.970588235294118
"AF436129.1_231_1394"	"Human"	"Human"	67	65	0.970149253731343
"KX781285.1_147_1364"	"Human"	"Human"	33	32	0.96969696969697
"HM999997.1_75_1280"	"Human"	"Human"	32	31	0.96875
"EU541441.1_141_1352"	"Human"	"Human"	31	30	0.967741935483871
"FN677755.1_123_1331"	"Human"	"Human"	31	30	0.967741935483871
"HM999990.1_138_1343"	"Human"	"Human"	30	29	0.966666666666667
"PP718716.1_69_1265"	"Human"	"Human"	58	56	0.96551724137931
"X74470.1_177_1403"	"Human"	"Human"	29	28	0.96551724137931
"KF436859.1_87_1274"	"Human"	"Human"	28	27	0.964285714285714
"JN211195.1_96_1304"	"Human"	"Human"	131	126	0.961832061068702
"KF006399.1_87_1295"	"Human"	"Human"	26	25	0.961538461538462
"MF588719.1_72_1274"	"Human"	"Human"	25	24	0.96
"Y15174.1_63_1268"	"Human"	"Human"	142	136	0.957746478873239
"MF588717.1_69_1265"	"Human"	"Human"	23	22	0.956521739130435
"FB344172.1_45_1226"	"Human"	"Human"	160	153	0.95625
"MF588721.1_90_1289"	"Human"	"Human"	21	20	0.952380952380952
"MH777312.2_93_1286"	"Human"	"Human"	21	20	0.952380952380952
"KR816175.1_60_1286"	"Human"	"Human"	62	59	0.951612903225806
"MF588730.1_129_1328"	"Human"	"Human"	41	39	0.951219512195122
"MF588693.1_69_1280"	"Human"	"Human"	39	37	0.948717948717949
"EF546469.1_84_1253"	"Human"	"Human"	95	90	0.947368421052632
"KT698168.1_78_1289"	"Human"	"Human"	19	18	0.947368421052632
"FN598907.1_90_1283"	"Human"	"Human"	55	52	0.945454545454545
"MF588746.1_153_1373"	"Human"	"Human"	55	52	0.945454545454545
"MF588699.1_138_1355"	"Human"	"Human"	73	69	0.945205479452055
"MF588698.1_57_1274"	"Human"	"Human"	36	34	0.944444444444444
"GQ916646.1_81_1289"	"Human"	"Human"	88	83	0.943181818181818
"AY382779.2_117_1325"	"Human"	"Human"	69	65	0.942028985507246
"OQ930234.1_117_1325"	"Human"	"Human"	69	65	0.942028985507246
"KP692116.1_102_1334"	"Human"	"Human"	17	16	0.941176470588235
"AB542808.1_90_1274"	"Human"	"Human"	100	94	0.94
"EU918767.1_123_1304"	"Human"	"Human"	165	155	0.939393939393939
"LR861871.1_120_1301"	"Human"	"Human"	65	61	0.938461538461538
"JF966371.1_141_1358"	"Human"	"Human"	129	121	0.937984496124031
"KC311731.2_87_1301"	"Human"	"Human"	16	15	0.9375
"KF791917.1_135_1334"	"Human"	"Human"	16	15	0.9375
"MH972563.2_96_1310"	"Human"	"Human"	16	15	0.9375
"HE793047.1_42_1220"	"Human"	"Human"	47	44	0.936170212765957
"MF588691.1_87_1277"	"Human"	"Human"	31	29	0.935483870967742
"JX413106.1_132_1361"	"Human"	"Human"	15	14	0.933333333333333
"KC113191.1_162_1373"	"Human"	"Human"	72	67	0.930555555555556
"MP134368.1_42_1211"	"Human"	"Human"	258	240	0.930232558139535
"MF588704.1_78_1310"	"Human"	"Human"	57	53	0.929824561403509
"MF588682.1_90_1286"	"Human"	"Human"	85	79	0.929411764705882
"MH777173.2_81_1271"	"Human"	"Human"	14	13	0.928571428571429
"MH777287.2_141_1340"	"Human"	"Human"	14	13	0.928571428571429
"GQ845446.1_96_1316"	"Human"	"Human"	175	162	0.925714285714286
"KR816183.1_93_1313"	"Human"	"Human"	175	162	0.925714285714286
"HM999987.1_153_1358"	"Human"	"Human"	13	12	0.923076923076923
"HW350071.1_234_1418"	"Human"	"Human"	13	12	0.923076923076923
"MF588718.1_75_1274"	"Human"	"Human"	13	12	0.923076923076923
"MF588780.1_60_1253"	"Human"	"Human"	26	24	0.923076923076923
"AJ620205.1_201_1379"	"Human"	"Human"	51	47	0.92156862745098
"FJ947080.1_93_1310"	"Human"	"Human"	102	94	0.92156862745098
"X74467.1_63_1292"	"Human"	"Human"	215	198	0.92093023255814
"AY382778.1_57_1286"	"Human"	"Human"	25	23	0.92
"MF176072.1_126_1319"	"Human"	"Human"	25	23	0.92
"MH777346.2_120_1307"	"Human"	"Human"	25	23	0.92
"AF436128.1_102_1283"	"Human"	"Human"	48	44	0.916666666666667
"MF588688.1_75_1283"	"Human"	"Human"	24	22	0.916666666666667
"MH777258.2_69_1289"	"Human"	"Human"	12	11	0.916666666666667
"MK620843.1_75_1298"	"Human"	"Human"	144	132	0.916666666666667
"KY969593.1_63_1286"	"Human"	"Human"	221	202	0.914027149321267
"KR816179.1_93_1304"	"Human"	"Human"	23	21	0.91304347826087
"MF588741.1_129_1352"	"Human"	"Human"	46	42	0.91304347826087
"MF588754.1_75_1286"	"Human"	"Human"	46	42	0.91304347826087
"EF422221.1_114_1319"	"Human"	"Human"	136	124	0.911764705882353
"AF217526.1_42_1211"	"Human"	"Human"	77	70	0.909090909090909
"MF588720.1_150_1358"	"Human"	"Human"	121	110	0.909090909090909
"MF588737.1_114_1331"	"Human"	"Human"	22	20	0.909090909090909
"MH777209.1_81_1295"	"Human"	"Human"	33	30	0.909090909090909
"MH777284.2_141_1334"	"Human"	"Human"	11	10	0.909090909090909
"MH777306.1_81_1289"	"Human"	"Human"	132	120	0.909090909090909
"MH777333.1_48_1256"	"Human"	"Human"	11	10	0.909090909090909
"Y15173.1_63_1268"	"Human"	"Human"	141	128	0.907801418439716
"HG421739.1_126_1331"	"Human"	"Human"	42	38	0.904761904761905
"JX429973.1_90_1295"	"Human"	"Human"	31	28	0.903225806451613
"BK066896.1_69_1280"	"Human"	"Human"	10	9	0.9
"KT236450.1_117_1292"	"Human"	"Human"	20	18	0.9
"KX781284.1_135_1352"	"Human"	"Human"	10	9	0.9
"MH777381.2_99_1307"	"Human"	"Human"	10	9	0.9
"KY652675.1_90_1283"	"Human"	"Human"	107	96	0.897196261682243
"EF177176.1_198_1370"	"Human"	"Human"	436	391	0.896788990825688
"EF177182.1_198_1370"	"Human"	"Human"	436	391	0.896788990825688
"GU225708.1_129_1319"	"Human"	"Human"	29	26	0.896551724137931
"MH777234.1_48_1259"	"Human"	"Human"	19	17	0.894736842105263
"EU541442.1_87_1316"	"Human"	"Human"	47	42	0.893617021276596
"HW350053.1_141_1361"	"Human"	"Human"	122	109	0.89344262295082
"FM955841.1_78_1301"	"Human"	"Human"	46	41	0.891304347826087
"GQ845444.1_159_1367"	"Human"	"Human"	46	41	0.891304347826087
"KM085343.1_135_1367"	"Human"	"Human"	18	16	0.888888888888889
"MF588726.1_132_1337"	"Human"	"Human"	18	16	0.888888888888889
"JN231328.1_63_1268"	"Human"	"Human"	105	93	0.885714285714286
"MF588756.1_108_1322"	"Human"	"Human"	26	23	0.884615384615385
"EU410349.1_81_1283"	"Human"	"Human"	50	44	0.88
"X74468.1_81_1289"	"Human"	"Human"	66	58	0.878787878787879
"MH777196.2_129_1337"	"Human"	"Human"	8	7	0.875
"MH777226.2_135_1349"	"Human"	"Human"	8	7	0.875
"MH777288.2_48_1256"	"Human"	"Human"	8	7	0.875
"MH777309.2_66_1289"	"Human"	"Human"	8	7	0.875
"DQ090005.2_303_1508"	"Human"	"Human"	155	135	0.870967741935484
"AB818687.1_156_1334"	"Human"	"Human"	1522	1324	0.869908015768725
"GU117634.1_99_1307"	"Human"	"Human"	23	20	0.869565217391304
"U31782.1_57_1286"	"Human"	"Human"	213	185	0.868544600938967
"MF588677.1_99_1319"	"Human"	"Human"	53	46	0.867924528301887
"U31783.1_129_1304"	"Human"	"Human"	53	46	0.867924528301887
"KJ506870.1_129_1346"	"Human"	"Human"	22	19	0.863636363636364
"MF588728.1_123_1325"	"Human"	"Human"	22	19	0.863636363636364
"PP296663.1_63_1292"	"Human"	"Human"	88	76	0.863636363636364
"KR816182.1_126_1346"	"Human"	"Human"	80	69	0.8625
"GQ845445.1_66_1283"	"Human"	"Human"	28	24	0.857142857142857
"KC470286.1_78_1259"	"Human"	"Human"	28	24	0.857142857142857
"A07020.1_123_1298"	"Human"	"Human"	451	386	0.855875831485588
"U31786.1_60_1268"	"Human"	"Human"	87	74	0.850574712643678
"GQ845441.1_60_1292"	"Human"	"Human"	20	17	0.85
"AF531420.1_90_1301"	"Human"	"Human"	33	28	0.848484848484849
"BK066395.1_93_1295"	"Human"	"Human"	13	11	0.846153846153846
"MH777253.2_171_1379"	"Human"	"Human"	13	11	0.846153846153846
"D90252.1_60_1310"	"Human"	"Human"	145	122	0.841379310344828
"DQ080079.1_78_1259"	"Human"	"Human"	157	132	0.840764331210191
"EU410347.1_129_1331"	"Human"	"Human"	50	42	0.84
"FN677756.1_141_1337"	"Human"	"Human"	37	31	0.837837837837838
"AB819275.1_129_1304"	"Human"	"Human"	348	290	0.833333333333333
"FM955838.1_174_1397"	"Human"	"Human"	6	5	0.833333333333333
"HE963025.1_69_1277"	"Human"	"Human"	12	10	0.833333333333333
"HM999993.1_84_1304"	"Human"	"Human"	6	5	0.833333333333333
"JX413104.1_90_1283"	"Human"	"Human"	6	5	0.833333333333333
"JX413105.1_105_1334"	"Human"	"Human"	12	10	0.833333333333333
"HW350133.1_45_1223"	"Human"	"Human"	153	127	0.830065359477124
"KX781286.1_81_1289"	"Human"	"Human"	34	28	0.823529411764706
"MA632777.1_54_1307"	"Human"	"Human"	44	36	0.818181818181818
"MH777332.2_90_1307"	"Human"	"Human"	38	31	0.815789473684211
"AY044277.1_48_1271"	"Human"	"Human"	43	35	0.813953488372093
"AB211993.1_387_1553"	"Human"	"Human"	137	111	0.81021897810219
"DQ080000.1_102_1262"	"Human"	"Human"	137	111	0.81021897810219
"M74117.1_81_1262"	"Human"	"Human"	52	42	0.807692307692308
"FM955837.2_57_1286"	"Human"	"Human"	93	75	0.806451612903226
"AB361563.1_123_1286"	"Human"	"Human"	55	44	0.8
"GQ244463.1_123_1319"	"Human"	"Human"	5	4	0.8
"GU117631.1_69_1286"	"Human"	"Human"	5	4	0.8
"JX413107.1_90_1298"	"Human"	"Human"	10	8	0.8
"MH777161.1_90_1301"	"Human"	"Human"	5	4	0.8
"MH777170.2_99_1298"	"Human"	"Human"	5	4	0.8
"MH777249.1_201_1400"	"Human"	"Human"	5	4	0.8
"KX781282.1_99_1307"	"Human"	"Human"	34	27	0.794117647058823
"KY242583.1_96_1301"	"Human"	"Human"	34	27	0.794117647058823
"EU410348.1_120_1325"	"Human"	"Human"	58	46	0.793103448275862
"FM955842.1_114_1322"	"Human"	"Human"	29	23	0.793103448275862
"MF588742.1_72_1289"	"Human"	"Human"	29	23	0.793103448275862
"MH777366.1_93_1310"	"Human"	"Human"	28	22	0.785714285714286
"EU077224.1_123_1316"	"Human"	"Human"	377	295	0.782493368700265
"FM955839.1_171_1367"	"Human"	"Human"	50	39	0.78
"MF588767.1_72_1271"	"Human"	"Human"	18	14	0.777777777777778
"MH777211.2_69_1286"	"Human"	"Human"	9	7	0.777777777777778
"AY262282.1_240_1421"	"Human"	"Human"	161	125	0.77639751552795
"GU117629.1_75_1292"	"Human"	"Human"	13	10	0.769230769230769
"KP692114.1_69_1289"	"Human"	"Human"	13	10	0.769230769230769
"MH777292.2_48_1259"	"Human"	"Human"	17	13	0.764705882352941
"MH777359.2_144_1364"	"Human"	"Human"	81	61	0.753086419753086
"KF436826.1_75_1259"	"Human"	"Human"	72	54	0.75
"KT698166.1_72_1280"	"Human"	"Human"	28	21	0.75
"MF588681.1_126_1322"	"Human"	"Human"	4	3	0.75
"MF588711.1_114_1328"	"Human"	"Human"	8	6	0.75
"MF588727.1_135_1346"	"Human"	"Human"	8	6	0.75
"MF588731.1_132_1325"	"Human"	"Human"	12	9	0.75
"MH777162.2_81_1301"	"Human"	"Human"	4	3	0.75
"MH777389.2_90_1301"	"Human"	"Human"	4	3	0.75
"FB570775.1_120_1298"	"Human"	"Human"	231	171	0.74025974025974
"MK080568.2_96_1304"	"Human"	"Human"	22	16	0.727272727272727
"NC_001458.1_66_1259"	"Human"	"Human"	11	8	0.727272727272727
"MF588725.1_93_1307"	"Human"	"Human"	28	20	0.714285714285714
"MH777153.2_48_1259"	"Human"	"Human"	17	12	0.705882352941177
"HF930491.1_84_1289"	"Human"	"Human"	46	32	0.695652173913043
"FN547152.2_129_1307"	"Human"	"Human"	3	2	0.666666666666667
"MF588701.1_135_1349"	"Human"	"Human"	3	2	0.666666666666667
"NC_001576.1_129_1307"	"Human"	"Human"	26	17	0.653846153846154
"MH777327.2_96_1301"	"Human"	"Human"	14	9	0.642857142857143
"MF588710.1_126_1337"	"Human"	"Human"	30	19	0.633333333333333
"MF588707.1_78_1310"	"Human"	"Human"	16	10	0.625
"AB027021.1_147_1328"	"Human"	"Human"	85	52	0.611764705882353
"EF467176.1_135_1337"	"Human"	"Human"	10	6	0.6
"X74471.1_63_1289"	"Human"	"Human"	5	3	0.6
"KF922510.1_48_1256"	"Human"	"Human"	22	13	0.590909090909091
"MH777304.1_120_1328"	"Human"	"Human"	22	13	0.590909090909091
"HM999994.1_90_1301"	"Human"	"Human"	24	14	0.583333333333333
"KR816173.1_135_1352"	"Human"	"Human"	12	7	0.583333333333333
"HM011570.1_69_1274"	"Human"	"Human"	7	4	0.571428571428571
"NC_001596.1_129_1337"	"Human"	"Human"	14	8	0.571428571428571
"KC862318.1_96_1313"	"Human"	"Human"	18	10	0.555555555555556
"HW350050.1_63_1271"	"Human"	"Human"	143	78	0.545454545454545
"HW350057.1_228_1409"	"Human"	"Human"	62	33	0.532258064516129
"AB201226.1_129_1310"	"Human"	"Human"	21	11	0.523809523809524
"GQ246951.1_60_1280"	"Human"	"Human"	6	3	0.5
"MF588736.1_147_1364"	"Human"	"Human"	2	1	0.5
"MH777318.1_48_1256"	"Human"	"Human"	2	1	0.5
"CS077205.1_45_1235"	"Human"	"Human"	67	32	0.477611940298507
"HW350049.1_129_1310"	"Human"	"Human"	64	30	0.46875
"HW350144.1_45_1226"	"Human"	"Human"	9	4	0.444444444444444
"AF349909.1_186_1376"	"Human"	"Human"	6	2	0.333333333333333
"KF006398.1_105_1334"	"Human"	"Human"	3	1	0.333333333333333
"M32305.1_60_1277"	"Human"	"Human"	12	4	0.333333333333333
"MF588732.1_78_1280"	"Human"	"Human"	6	2	0.333333333333333
"MF588744.1_93_1292"	"Human"	"Human"	6	2	0.333333333333333
"MG921179.1_48_1259"	"Human"	"Human"	3	1	0.333333333333333
"X70829.1_102_1310"	"Human"	"Human"	93	20	0.21505376344086
"MH777222.1_96_1295"	"Human"	"Human"	20	3	0.15
"AF020905.1_135_1310"	"Human"	"Human"	1	0	0
"BK066697.1_72_1274"	"Human"	"Human"	6	0	0
"GQ246950.1_129_1313"	"Human"	"Human"	1	0	0
"KJ130020.1_96_1313"	"Human"	"Human"	4	0	0
"MH172377.1_60_1277"	"Human"	"Human"	1	0	0
"MH745747.1_75_1283"	"Human"	"Human"	1	0	0
"MH745748.1_432_1601"	"Human"	"Human"	1	0	0
"MH777203.2_141_1331"	"Human"	"Human"	1	0	0
"MQ011419.1_45_1217"	"Human"	"Human"	1	0	0
"MW311489.1_135_1352"	"Human"	"Human"	1	0	0
"NC_001693.1_132_1334"	"Human"	"Human"	3	0	0
"OP721228.1_162_1364"	"Human"	"Human"	1	0	0
"BK066355.1_237_1415"	"Bat"	"Bat"	6	6	1
"BK066482.1_51_1244"	"Bat"	"Bat"	1	1	1
"BK066590.1_81_1289"	"Bat"	"Bat"	1	1	1
"BK066597.1_516_1694"	"Bat"	"Bat"	1	1	1
"BK066692.1_51_1256"	"Bat"	"Bat"	1	1	1
"BK066786.1_51_1235"	"Bat"	"Bat"	1	1	1
"BK066831.1_93_1304"	"Bat"	"Bat"	1	1	1
"JX885601.1_78_1280"	"Bat"	"Bat"	2	2	1
"KX276957.1_117_1319"	"Bat"	"Bat"	1	1	1
"KX434763.1_90_1286"	"Bat"	"Bat"	1	1	1
"KX812447.1_174_1385"	"Bat"	"Bat"	1	1	1
"MN329804.1_99_1325"	"Bat"	"Bat"	1	1	1
"MT766314.1_51_1235"	"Bat"	"Bat"	1	1	1
"MW922427.1_63_1286"	"Bat"	"Bat"	1	1	1
"OL704823.1_174_1382"	"Bat"	"Bat"	1	1	1
"OL704824.1_93_1298"	"Bat"	"Bat"	1	1	1
"OL704825.1_126_1328"	"Bat"	"Bat"	1	1	1
"OR952772.1_84_1274"	"Bat"	"Bat"	1	1	1
"OR952775.1_51_1223"	"Bat"	"Bat"	2	2	1
"OR952776.1_150_1337"	"Bat"	"Bat"	3	3	1
"OR952778.1_51_1226"	"Bat"	"Bat"	2	2	1
"OR952779.1_153_1349"	"Bat"	"Bat"	1	1	1
"OR952781.1_51_1226"	"Bat"	"Bat"	1	1	1
"OR952788.1_57_1250"	"Bat"	"Bat"	1	1	1
"OR952790.1_96_1286"	"Bat"	"Bat"	1	1	1
"OR952792.1_6_1199"	"Bat"	"Bat"	1	1	1
"OR952793.1_51_1265"	"Bat"	"Bat"	1	1	1
"OR952795.1_135_1325"	"Bat"	"Bat"	1	1	1
"OR952799.1_57_1253"	"Bat"	"Bat"	1	1	1
"OR952801.1_54_1247"	"Bat"	"Bat"	1	1	1
"OR952809.1_60_1244"	"Bat"	"Bat"	1	1	1
"OR952810.1_36_1220"	"Bat"	"Bat"	1	1	1
"OR952812.1_270_1442"	"Bat"	"Bat"	2	2	1
"OR952813.1_60_1244"	"Bat"	"Bat"	2	2	1
"OR952816.1_51_1235"	"Bat"	"Bat"	1	1	1
"OR952817.1_96_1268"	"Bat"	"Bat"	1	1	1
"OR952825.1_51_1223"	"Bat"	"Bat"	3	3	1
"OR952826.1_102_1316"	"Bat"	"Bat"	3	3	1
"OR952828.1_36_1223"	"Bat"	"Bat"	1	1	1
"OR952831.1_12_1190"	"Bat"	"Bat"	1	1	1
"OR952832.1_51_1223"	"Bat"	"Bat"	2	2	1
"OR952834.1_51_1223"	"Bat"	"Bat"	2	2	1
"OR952835.1_51_1217"	"Bat"	"Bat"	1	1	1
"OR952837.1_54_1253"	"Bat"	"Bat"	1	1	1
"OR952838.1_51_1235"	"Bat"	"Bat"	1	1	1
"OR952840.1_51_1226"	"Bat"	"Bat"	1	1	1
"OR952847.1_51_1238"	"Bat"	"Bat"	1	1	1
"OR952850.1_132_1328"	"Bat"	"Bat"	2	2	1
"OR952853.1_321_1505"	"Bat"	"Bat"	1	1	1
"OR952854.1_84_1274"	"Bat"	"Bat"	2	2	1
"OR952855.1_81_1265"	"Bat"	"Bat"	1	1	1
"OR952856.1_204_1397"	"Bat"	"Bat"	1	1	1
"OR952858.1_75_1256"	"Bat"	"Bat"	1	1	1
"OR952863.1_51_1241"	"Bat"	"Bat"	1	1	1
"OR952864.1_9_1196"	"Bat"	"Bat"	1	1	1
"OR952867.1_51_1235"	"Bat"	"Bat"	1	1	1
"OR952872.1_51_1235"	"Bat"	"Bat"	1	1	1
"OR952878.1_93_1265"	"Bat"	"Bat"	1	1	1
"OR952880.1_0_1196"	"Bat"	"Bat"	1	1	1
"OR952883.1_183_1391"	"Bat"	"Bat"	1	1	1
"OR952887.1_84_1274"	"Bat"	"Bat"	2	2	1
"OR952892.1_81_1271"	"Bat"	"Bat"	3	3	1
"OR952893.1_126_1328"	"Bat"	"Bat"	1	1	1
"OR952895.1_120_1310"	"Bat"	"Bat"	1	1	1
"OR952899.1_198_1397"	"Bat"	"Bat"	2	2	1
"OR952900.1_78_1250"	"Bat"	"Bat"	1	1	1
"OR952901.1_108_1295"	"Bat"	"Bat"	1	1	1
"OR952902.1_72_1256"	"Bat"	"Bat"	2	2	1
"OR952905.1_78_1265"	"Bat"	"Bat"	1	1	1
"OR952906.1_108_1304"	"Bat"	"Bat"	1	1	1
"OR952911.1_114_1310"	"Bat"	"Bat"	1	1	1
"OR952921.1_75_1262"	"Bat"	"Bat"	1	1	1
"OR952922.1_84_1271"	"Bat"	"Bat"	1	1	1
"OR952861.1_69_1205"	"Bat"	"Bat"	1	0	0
"AB331650.1_144_1325"	"Bovine"	"Bovine"	16	16	1
"AB331651.1_309_1508"	"Bovine"	"Bovine"	14	14	1
"AB845589.1_75_1262"	"Bovine"	"Bovine"	11	11	1
"AX033802.1_42_1217"	"Bovine"	"Bovine"	3	3	1
"DQ217793.1_51_1253"	"Bovine"	"Bovine"	12	12	1
"GQ471901.1_138_1322"	"Bovine"	"Bovine"	3	3	1
"JF834523.1_75_1262"	"Bovine"	"Bovine"	1	1	1
"KY705374.1_117_1295"	"Bovine"	"Bovine"	2	2	1
"MG252779.1_57_1223"	"Bovine"	"Bovine"	1	1	1
"MH512005.1_45_1241"	"Bovine"	"Bovine"	1	1	1
"MW393860.1_48_1235"	"Bovine"	"Bovine"	1	1	1
"MW401531.1_156_1325"	"Bovine"	"Bovine"	1	1	1
"MW404257.1_90_1268"	"Bovine"	"Bovine"	2	2	1
"MW404258.1_90_1268"	"Bovine"	"Bovine"	3	3	1
"MW428425.1_90_1274"	"Bovine"	"Bovine"	2	2	1
"MW428429.1_90_1283"	"Bovine"	"Bovine"	2	2	1
"MW436430.1_57_1277"	"Bovine"	"Bovine"	6	6	1
"MW543422.1_45_1211"	"Bovine"	"Bovine"	1	1	1
"AB626705.1_54_1229"	"Bovine"	"Bovine"	20	3	0.15
"KU350625.1_132_1298"	"Bovine"	"Bovine"	1	0	0
"BK066366.1_114_1298"	"Canine"	"Canine"	4	4	1
"BK066390.1_87_1268"	"Canine"	"Canine"	27	27	1
"BK066588.1_96_1274"	"Canine"	"Canine"	1	1	1
"BK066644.1_102_1298"	"Canine"	"Canine"	1	1	1
"BK066654.1_117_1301"	"Canine"	"Canine"	1	1	1
"BK066742.1_150_1337"	"Canine"	"Canine"	1	1	1
"BK066769.1_138_1316"	"Canine"	"Canine"	7	7	1
"BK066790.1_84_1265"	"Canine"	"Canine"	2	2	1
"BK066791.1_117_1295"	"Canine"	"Canine"	4	4	1
"EF584537.1_162_1331"	"Canine"	"Canine"	1	1	1
"FJ492743.1_66_1250"	"Canine"	"Canine"	6	6	1
"HQ262536.1_114_1286"	"Canine"	"Canine"	2	2	1
"JF800656.1_282_1466"	"Canine"	"Canine"	3	3	1
"JQ701802.1_84_1259"	"Canine"	"Canine"	1	1	1
"JX141478.1_123_1301"	"Canine"	"Canine"	7	7	1
"JX899359.1_123_1304"	"Canine"	"Canine"	1	1	1
"KF857586.1_96_1286"	"Canine"	"Canine"	3	3	1
"KP099966.1_174_1358"	"Canine"	"Canine"	1	1	1
"KT901797.1_84_1268"	"Canine"	"Canine"	1	1	1
"KX599536.1_123_1298"	"Canine"	"Canine"	1	1	1
"MH285953.1_72_1247"	"Canine"	"Canine"	11	11	1
"MH285954.1_225_1397"	"Canine"	"Canine"	11	11	1
"AY722648.1_99_1274"	"Canine"	"Canine"	34	33	0.970588235294118
"D26115.1_84_1274"	"Canine"	"Canine"	34	33	0.970588235294118
"FJ492744.1_54_1244"	"Canine"	"Canine"	28	27	0.964285714285714
"MH285952.1_108_1289"	"Canine"	"Canine"	28	27	0.964285714285714
"BK066488.1_150_1340"	"Canine"	"Canine"	3	2	0.666666666666667
"DQ295066.1_93_1277"	"Canine"	"Canine"	2	1	0.5
"BK066393.1_90_1277"	"Rodent"	"Rodent"	2	2	1
"BK066449.1_204_1379"	"Rodent"	"Rodent"	1	1	1
"BK066744.1_195_1370"	"Rodent"	"Rodent"	1	1	1
"BK066757.1_75_1259"	"Rodent"	"Rodent"	1	1	1
"BK066775.1_66_1253"	"Rodent"	"Rodent"	1	1	1
"BK066866.1_63_1244"	"Rodent"	"Rodent"	1	1	1
"KY370096.1_87_1277"	"Rodent"	"Rodent"	1	1	1
"BK066384.1_135_1322"	"Rodent"	"Rodent"	36	35	0.972222222222222
"HG530538.1_81_1265"	"Rodent"	"Rodent"	7	5	0.714285714285714
"HQ625441.1_141_1316"	"Rodent"	"Rodent"	7	5	0.714285714285714
"MH892425.1_78_1268"	"Rodent"	"Rodent"	5	2	0.4
"KT945134.1_117_1292"	"Rodent"	"Rodent"	1	0	0
"ON932811.1_42_1232"	"Rodent"	"Rodent"	2	0	0
"ON932814.1_57_1232"	"Rodent"	"Rodent"	1	0	0
"BK066321.1_72_1274"	"Ray-finned Fish"	"Ray-finned Fish"	1	1	1
"BK066382.1_57_1217"	"Ray-finned Fish"	"Ray-finned Fish"	2	2	1
"BK066408.1_63_1328"	"Ray-finned Fish"	"Ray-finned Fish"	1	1	1
"BK066436.1_54_1310"	"Ray-finned Fish"	"Ray-finned Fish"	8	8	1
"BK066681.1_213_1511"	"Ray-finned Fish"	"Ray-finned Fish"	3	3	1
"BK066851.1_75_1304"	"Ray-finned Fish"	"Ray-finned Fish"	10	10	1
"MH617143.2_90_1316"	"Ray-finned Fish"	"Ray-finned Fish"	1	1	1
"MH617579.2_63_1271"	"Ray-finned Fish"	"Ray-finned Fish"	1	1	1
"MZ570859.1_168_1469"	"Ray-finned Fish"	"Ray-finned Fish"	1	1	1
"MH510267.2_282_1448"	"Ray-finned Fish"	"Ray-finned Fish"	4	3	0.75
"BK066885.1_96_1292"	"Ray-finned Fish"	"Ray-finned Fish"	2	0	0
"BK066727.1_186_1376"	"Avian"	"Avian"	2	2	1
"BK066545.1_63_1247"	"Avian"	"Avian"	4	0	0
"BK066795.1_45_1154"	"Amphibian"	"Amphibian"	4	4	1
"BK066841.1_57_1214"	"Amphibian"	"Amphibian"	1	1	1
"BK066884.1_180_1280"	"Amphibian"	"Amphibian"	14	14	1
"BK066894.1_9_1235"	"Amphibian"	"Amphibian"	1	1	1
"BK066335.1_159_1334"	"Feline"	"Feline"	2	2	1
"BK066374.1_111_1289"	"Feline"	"Feline"	4	4	1
"BK066472.1_117_1283"	"Feline"	"Feline"	1	1	1
"LC333412.2_96_1277"	"Feline"	"Feline"	1	1	1
"JX972168.1_72_1247"	"Feline"	"Feline"	11	8	0.727272727272727
"AF377865.1_192_1367"	"Feline"	"Feline"	3	2	0.666666666666667
"EU796884.1_147_1331"	"Feline"	"Feline"	26	10	0.384615384615385
"BK066513.1_87_1274"	"Feline"	"Feline"	6	2	0.333333333333333
"BK066462.1_78_1295"	"Feline"	"Feline"	4	1	0.25
"KY853656.1_60_1226"	"Feline"	"Feline"	4	0	0
"OL310516.1_78_1253"	"Feline"	"Feline"	3	0	0
"OR915584.1_84_1265"	"Feline"	"Feline"	2	0	0
"OR915587.1_135_1328"	"Feline"	"Feline"	1	0	0
"OR915589.1_51_1238"	"Feline"	"Feline"	1	0	0
"OR915590.1_87_1265"	"Feline"	"Feline"	1	0	0
"OR915591.1_66_1271"	"Feline"	"Feline"	2	0	0
"OR915593.1_132_1340"	"Feline"	"Feline"	1	0	0
"BK066797.1_69_1304"	"Cetacean"	"Cetacean"	3	3	1
"BK066876.1_99_1316"	"Cetacean"	"Cetacean"	2	2	1
"OP748391.1_462_1661"	"Cetacean"	"Cetacean"	1	1	1
"OP748392.1_81_1250"	"Cetacean"	"Cetacean"	1	1	1
"AY940040.1_24_1244"	"Cetacean"	"Cetacean"	2	0	0
"MG837557.1_60_1229"	"Non-human Primate"	"Non-human Primate"	1	1	1
"MG837558.1_156_1343"	"Non-human Primate"	"Non-human Primate"	1	1	1
"MG837559.1_99_1310"	"Non-human Primate"	"Non-human Primate"	1	1	1
"MN535763.1_57_1253"	"Non-human Primate"	"Non-human Primate"	3	3	1
"MN535764.1_96_1289"	"Non-human Primate"	"Non-human Primate"	1	1	1
"OP376964.1_60_1253"	"Non-human Primate"	"Non-human Primate"	1	1	1
"OP934207.1_114_1286"	"Non-human Primate"	"Non-human Primate"	3	3	1
"OP376965.1_108_1307"	"Non-human Primate"	"Non-human Primate"	4	3	0.75
"M15953.1_81_1262"	"Cervine"	"Cervine"	4	0	0
"BK066718.1_69_1232"	"Reptile"	"Reptile"	1	1	1
"MH605022.1_123_1304"	"Reptile"	"Reptile"	1	0	0
"MN117918.1_84_1265"	"Equine"	"Equine"	1	1	1
"OP699054.1_120_1304"	"Equine"	"Equine"	1	1	1
"BK062773.1_54_1253"	"Pangolin"	"Pangolin"	1	1	1
"BK062774.1_51_1241"	"Pangolin"	"Pangolin"	3	3	1
"BK062778.1_192_1367"	"Pangolin"	"Pangolin"	1	1	1
"MG571090.1_123_1361"	"Pinnipeds"	"Pinnipeds"	1	0	0
"MG571091.1_240_1433"	"Pinnipeds"	"Pinnipeds"	1	0	0
"KF574428.1_42_1229"	"Other"	"Manatee"	6	4	0.666666666666667
"KF574429.1_48_1235"	"Other"	"Manatee"	4	2	0.5
"MK377489.1_141_1334"	"Other"	"Porcine"	99	3	0.0303030303030303
"AJ243287.1_93_1289"	"Other"	"Lapine"	7	0	0
"BK066347.1_93_1277"	"Other"	"Mustelid"	4	0	0
"BK066751.1_81_1283"	"Other"	"Insectivore"	1	0	0
"BK066846.1_93_1304"	"Other"	"Insectivore"	1	0	0
"MF327535.1_114_1295"	"Other"	"Ursine"	3	0	0
"MF327536.1_222_1400"	"Other"	"Ursine"	5	0	0
"MF327537.1_45_1226"	"Other"	"Ursine"	1	0	0
"MT078971.1_138_1322"	"Other"	"Porcine"	9	0	0
"MZ357114.1_72_1259"	"Other"	"Ursine"	1	0	0
